,АСУУЛТ,ХАРИУЛТ
1,Шинэ байгууллагын нэгж яаж бүртгэх вэ?,Та байгууллагын нэгжийн бүртгэлийн дэлгэц рүү ороод бүртгэх боломжтой.
2,Шинэ ажлын байр яаж бүртгэх вэ?,"Та ажлын байрны жагсаалтын дэлгэц рүү ороод, шинэ товчийг дарснаар бүртгэх боломжтой."
3,Ажилтан яаж бүртгэх вэ?,"Хүний нөөц=>Ажилтан цэснээс ажилтны жагсаалт дэлгэц рүү орж, тухайн дэлгэцээс шинэ товч дараад бүртгэх боломжтой. Мөн ажил горилогч болон гэрээт ажилтны бүртгэлээс ажилтан болгох боломжтой бөгөөд сонгон шалгаруулалтын дэлгэцээс шалгаруулалтад тэнцсэн ажилтны мөн ажилтан болгох боломжтой."
4,Ажилд авах тушаал хэрхэн гаргах вэ?,Та Хүний нөөц=>Хөдөлмөрийн харилцаа=>Тушаал=>Ажилд авах тушаал цэс рүү орж ажилд авах тушаал гаргах боломжтой. Ажилд авах тушаал гаргахын тулд эхлээд тушаалын загвар үүсгэсэн байх шаардлагатайг анхаарна уу.
5,Зэргийн бүртгэл дээрх зэрэглэл багана юуг илэрхийлдэг вэ?,Зэрэглэл дээрх утга нь аль нь өндөр албан тушаал дээр ажиллаж байгааг илэрхийлэх бөгөөд зэрэглэл нь их байх тусам илүү өндөр албан тушаал дээр ажиллаж байгааг илэрхийлнэ.
6,Grade-н бүртгэл дээрх зэрэглэл багана юуг илэрхийлдэг вэ?,Зэрэглэл дээрх утга нь аль нь өндөр албан тушаал дээр ажиллаж байгааг илэрхийлэх бөгөөд зэрэглэл нь их байх тусам илүү өндөр албан тушаал дээр ажиллаж байгааг илэрхийлнэ.
7,Модулийн тохиргоо дэлгэц ямар учиртай вэ?,Модулийн тохиргоо дэлгэц нь тухайн компани өөрийн үйл ажиллагаанаас хамаарч системийн боломжуудыг өөр өөрөөр ажиллах боломжийг тохируулдаг тохиргооны дэлгэц юм.
8,Орон тооны төлөвлөгөөг яаж гаргах вэ?,Та Төлөвлөгөө=>Орон тоо цэснээс Орон тооны төлөвлөгөөний жагсаалтын дэлгэцийг олж болох бөгөөд тухайн жагсаалтаас шинэ дарснаар орон тооны төлөвлөгөөг үүсгэх боломжтой. Орон тооны төлөвлөгөөг үүсгэхдээ төлөвлөгөөт оныг сонгоод хайх дарснаар идэвхтэй байгууллагын нэгж болон тухайн байгууллагын нэгж дэх ажлын байр бүрийн мэдээлэл гарч ирнэ. Ингэснээр та ажлын байр бүрийн хувьд сар бүрээр орон тоог төлөвлөх боломжтой.
9,Орон тооны төлөвлөгөөг яаж тодотгох вэ?,Та орон тооны дэлгэцээс төлөвлөсөн төлөвт байгаа төлөвлөгөөг тодотгох боломжтой бөгөөд бүртгэлийн дэлгэц рүү ороод тодотгох товчийг дарснаар тухайн орон тооны төлөвлөгөөг тодотгох боломжтой.
10,Гэрээт ажилтны бүртгэл яаж хийх вэ?,Та Хүний нөөц=>Гэрээт ажилтан цэс рүү орж гэрээт ажилтан болон хувийн мэдээллийн бүртгэлүүдийг хийх боломжтой.
11,Ажилтны гэр бүлийн бүртгэлийн яаж хийх вэ?,Ажилтны гэр бүлийн бүртгэлийг ажилтны гэр бүлийн жагсаалтаас шинэ дарснаар оруулах боломжтой бөгөөд тухайн ажилтан өөрөө веб порталаас хандан оруулах боломжтой . Ногоон талбаруудыг заавал оруулах шаардлагатай.
12,Ажилтантай хэрхэн гэрээ байгуулах вэ?,"Та системээр ажилтантай Хөдөлмөрийн гэрээ, Нууц хадгалах гэрээ зэрэг 7 төрлийн гэрээ байгуулах боломжтой бөгөөд та эхлээд загвараа үүсгээд дараа нь гэрээ дэлгэц рүү орж гэрээ байгуулах ажилтан болон гэрээний загвараа сонгож гэрээ байгуулна. Хэвлэх хэсэгт загварын дагуу гэрээг хэвлэх боломжтой болох бөгөөд ажилтанд танилцуулсны дараа танилцуулах эсэх чекийг хийж хадгалснаар гэрээний түүх хөтлөгддөг."
13,Тушаал хэрхэн гаргах вэ?,Системээр 26 төрлийн хүний нөөцтэй холбоотой тушаалууд гарах боломжтой. Та ямар тушаал гаргах гэж байна вэ?
14,Албан тушаал дэвшүүлэх тушаал,"Албан тушаал, зэрэг, дэв өөрчлөх тушаал гаргахын тулд та Хүний нөөц=>Хөдөлмөрийн харилцаа цэснээс Албан тушаал, зэрэг, дэв өөрчлөх тушаалыг сонгоно. Үүний дараа харгалзах ажилтныг сонгон шинэ байгууллагын нэгж, ажлын байр болон зэрэг, дэвийг дэвшүүлэх огноог сонгож тушаалыг хадгална. Тушаалыг гаргахын өмнө тушаалын загвар үүсгэх хэрэгтэй бөгөөд үүсгэсэн загварын дагуу тушаалын хэвлэх хэсэг бэлэн болно. Тушаалын төлвийг сольж, тушаалыг батлахад тухайн ажилтны албан тушаал, зэрэг, дэв өөрчлөгдөж харгалзах ажил эрхлэлтийн түүх бичигдэнэ."
15,Тушаалыг хэн хэн батлах вэ?,Тушаалыг хэн хэн батлахыг дурын байдлаар тохируулах боломжтой бөгөөд үүний тулд та Ажлын урсгалт тохируулах шаардлагатай.
16,Тодорхойлолт хэрхэн гаргах вэ?,Тодорхойлолт гаргахын тулд эхлээд тодорхойлолтын загвар үүсгэх шаардлагатай. Тодорхойлолтын загвар үүсгэхдээ хэрэгцээт түлхүүр үгнүүдээс сонгож загварыг бэлдэх ба үүний дараа Тодорхойлолтын дэлгэц рүү орж тодорхойлолт гаргах ажилтан болон загварыг сонгосноор тодорхойлолт үүсгэнэ. Загварын дагуу тодорхойлолт хэвлэхэд бэлэн болох болно.
17,Тойрох хуудсыг системээр яаж хийх вэ?,Тойрох хуудсыг системээр хийхийн тулд та эхлээд тойрох хуудасны загварыг тохируулах хэрэгтэй. Үүний тулд Хүний нөөц=>Хөдөлмөрийн харилцаа=>Тойрох хуудас цэсээр орж Бүртгэл хэсэгт загварыг тохируулна. Үүний дараа Тойрох хуудас хэсгээс ажилтны тойрох хуудсыг үүсгэх боломжтой бөгөөд үүсгэсний дараа загварт тохируулсан ажилтнууд веб програмаар өөрийн харгалзах хэсгийн ажлыг хүлээн авах боломжтой болно. Тойрох хуудсанд эцсийн байдлаар хянах ажилтан тухайн тойрох хуудсыг хаах боломжтой байна.
18,Ажлын байрны захиалга яаж гаргах вэ?,"Ажлын байрны захиалгыг веб болон десктоп програмаас аль алинаас нь гаргах боломжтой бөгөөд дэлгэцийн эрх бүх ажилтнууд Ажлын байрны захиалгын дэлгэц рүү орж Байгууллагын нэгж, Захиалгын зэрэглэл, Ажлын байр болон бусад шаардлагатай багануудыг бөглөж үүсгэх боломжтой."
19,Ажлын байрны захиалгыг хэн хэн батлах вэ?,Ажлын байрны захиалгыг батлах ажилтнуудыг дурын байдлаар зохион байгуулах боломжтой бөгөөд үүний тулд Ажлын урсгал тохируулах шаардлагатай.
20,Ажлын байрны зар хэрхэн үүсгэх вэ?,Ажлын байрны зар үүсгэхийн тулд Захиалга хийгдсэн төлөвтэй Ажлын байрны захиалга хийгдсэн байх ёстой бөгөөд Сонгон шалгаруулалт=>Ажлын байрны зар цэсээр орж ажлын байрны захиалгыг сонгон үүсгэх боломжтой. Та зарын хүртээмж баганад ямар утга сонгосноос хамаарч зарын харагдах байдал өөр өөр байх бөгөөд дотоод гэж сонгосон үед зөвхөн дотоод ажилтнуудад веб порталаар гадаад гэж сонгосон үед Онлайн анкет хүлээж авах веб сайтад харагдана.
21,Алдаа гараад байна.,Та ямар дэлгэцээр орсон бэ?
22,Ажилд авах тушаал гаргахад алдаа гарлаа,Та алдааны мэдээллийг манай support-н багийн имэйл рүү илгээнэ үү.
23,Дасан зохицох хэсгийг яаж ашиглах вэ?,Та эхлээд хөтөлбөрийн жагсаалт дэлгэц рүү орж загварыг тохируулаад дараа нь Ажилтны хөтөлбөрийн дэлгэцээс ажилтанд хөтөлбөр үүсгэх боломжтой. Тухайн хөтөлбөр үүссэн ажилтан нь веб порталаар орж хөтөлбөрийн явцыг оруулах боломжтой.
24,Танай шинэчлэл хэзээ гарах вэ?,Та манай support-н багаас имэйлээр лавлана уу.
25,Хөтөлбөрийн Ажлын байр хэсэгт юу оруулах вэ?,Энэ нь тухайн хөтөлбөрийн загварыг аль аль ажлын байрны хувьд ашиглах вэ гэдгийг тохируулах хэсэг юм.
26,Хөнгөлөлт хангамжийн багц яаж бүртгэх вэ?,Та Хүний нөөц=>Хөнгөлөлт хангамж=>Хөнгөлөлт хангамжийн баг цэснээр орж бүртгэх боломжтой бөгөөд Багцыг хамрах хүрээнээс хамаарч өөр өөр байдлаар хамрагдах ажилтнуудаа үүсгэх боломжтой.
27,Нэг удаагийн хөнгөлөлт хангамжийг яаж үүсгэх вэ?,"Та Хүний нөөц=>Хөнгөлөлт хангамж=>Ажилтны хөнгөлөлт, хангамжийн жагсаалт цэсээр орж шинэ дарснаар үүсгэх боломжтой бөгөөд тухайн дэлгэцээс ажилтны цалинд бодогдох эсэхийг мөн шийдэх боломжтой."
28,Өсөх ирээдүйтэй ажилтныг хаана яаж бүртгэх вэ?,Хүний нөөц=>Карьерийн хөгжил=>Бүртгэл цэсээр орж Өсөх ирээдүйтэй ажилтан дэлгэц рүү орж бүртгэх боломжтой. Мөн та дээрх цэснээс шалгуур үзүүлэлтүүдийг бүртгэх боломжтой бөгөөд шалгуур үзүүлэлтийн дагуу оноонуудыг оруулах боломжтой.
29,Хувийн хөгжлийн төлөвлөгөөг яаж үүсгэх вэ?,"ХХТ-г тухайн ажилтан веб дэлгэцээсээ үүсгэх боломжтой бөгөөд өөрийн хөгжүүлэх ур чадвар, хөгжүүлэх арга замыг сонгох болон явцыг хувиар оруулах боломжтой. Үүнээс гадна тухайн ажилтны ур чадварын үнэлгээнээс зөрүүтэй ур чадваруудын хувьд ХХТ-г үүсгэх боломжтой."
30,ХХТ-н гүйцэтгэлийг яаж хянах вэ?,ХХ Төлөвлөгөөний гүйцэтгэл лавлагаа дэлгэцээс байгууллагын нэгж болон хугацааны хувьд шүүж ажилтнуудын ХХТ-ний гүйцэтгэлүүдийг хянах боломжтой.
31,Явагдах сургалт яаж бүртгэх вэ?,"Та Хүний нөөц=>Сургалт, хөгжил=>Явагдах сургалт цэсээр орж Явагдах сургалтыг бүртгэл үүсгэх боломжтой. Тухайн бүртгэлийг хийхийн тулд Сургалт, Зохион байгуулах хэлбэр, Сургалтын төв зэрэг бүртгэлүүдийг хийсэн байх шаардлагатай бөгөөд хэрэв төлөвлөгөөтэй бол төлөвлөгөөний дагуу эхлэх дуусах огноо зэрэг нь бөглөгддөг. Үүний дараа сургалтад хамрагдах ажилтнуудыг бүртгэх бөгөөд үүнтэй адилаар багш, ашиглах материал, зардал зэргийг бүртгэх боломжтой."
32,Сургалтын нэгдсэн төлөвлөгөөг хэрхэн үүсгэх вэ?,"Сургалтын нэгдсэн төлөвлөгөөг үүсгэхийн тулд Сургалт, хөгжил=>Төлөвлөгөө хэсгээс оруулах боломжтой. Та Нэгдсэн төлөвлөгөөний жагсаалтаас шинэ дарснаар төлөвлөгөөний дэлгэц рүү орох бөгөөд төлөвлөгөөт оныг сонгож хайх дарснаар үүсгэх боломжтой. Хэрэв Байгууллагын нэгжийн сургалтын төлөвлөгөө гарсан байвал Сургалтын хэрэгцээг хуулах товчийг дарснаар хэрэгцээт мэдээллүүд автоматаар хуулагдаж орж ирэх боломжтой."
33,Явагдах сургалтын ирцийг яаж бүртгэх вэ?,Явагдах сургалтын ирцийг 2 аргаар бүртгэх боломжтой. Явагдах сургалтын хэсэгт Явагдах сургалтын ирц дэлгэцээр орж ирц оруулах явагдах сургалтыг сонгосноор ирцийг оруулах боломжтой. Мөн тухайн явагдах сургалтын бүртгэлийн дэлгэцээс ирцийг оруулах боломжтой. Ирцийг тухайн ажилтан тухайн өдөр сургалтад суусан эсэхээр бүртгэх боломжтой.
34,Сургалтын лавлагаануудыг хаанаас авах вэ?,"Та Сургалт, хөгжил=>Лавлагаа цэс рүү орсноор олон төрлийн сургалтын лавлагаанууд руу орох боломжтой."
35,Группийн хэмжээний явагдах сургалтыг системээр яаж бүртгэх вэ?,"Хүний нөөц=>Сургалт, хөгжил хэсэгт Явагдах сургалт - Групп гэсэн дэлгэц рүү орж бүртгэх боломжтой. Тухайн бүртгэл нь явагдах сургалтын дэлгэцтэй ижил зарчмаар ажилладаг бөгөөд бусад сургалтад ажилтнуудаа суулгах компаниудыг нэмж бүртгэх боломжтой."
36,Ерөнхий үнэлгээ яаж хийх вэ?,Ерөнхий үнэлгээ хийхийн тулд та эхлээд үнэлгээний загвар үүсгэх хэрэгтэй. Түүний дараа сонгосон загварын дагуу харгалзах ажилтнуудад үнэлгээ үүсгэх боломжтой.
37,Үнэлгээний загвар яаж үүсгэх вэ?,Та ямар үнэлгээ хийх гэж байгаа вэ?
38,Ерөнхий үнэлгээ,"Ерөнхий үнэлгээний загвар үүсгэхийн тулд та Хүний нөөц=>Үнэлгээ=>Ерөнхий үнэлгээ=>Бүртгэл=>Үнэлгээний загварын жагсаалт цэсээр орно. Шинэ товч дарснаар шинэ загвар үүсгэх боломжтой бөгөөд Код, нэр зэрэг шаардлагатай утгуудыг оруулж өгнө. Тухайн үнэлгээний асуултууд болон харгалзах хариултуудыг оруулж хадгалснаар загвар бэлэн болно."
39,Ерөнхий үнэлгээний хариултуудын оноог заавал өгөх хэрэгтэй юу?,Хэрэв та тухайн асуултад юу гэж хариулснаас хамаарч оноогоор дүгнэх гэж байгаа бол эсвэл нийлбэр оноо авах гэж байгаа бол оноо өгөх хэрэгтэй.
40,Ерөнхий үнэлгээний ямар лавлагаанууд байгаа вэ?,"Ерөнхий үнэлгээний дөрвөн төрлийн лавлагаа байгаа бөгөөд ажилтан бүрийн үнэлгээг дэлгэрэнгүй задалж асуулт бүрт юу гэж хариулсан, нийт хэдэн оноо авсан зэргийг харах боломжтой тайлангууд системд байгаа."
41,Лавлагаанд үнэлгээ харагдахгүй байна.,Та ямар үнэлгээ хийх гэж байгаа вэ?
42,Ерөнхий үнэлгээ,Тухайн үнэлгээний төлөв нь дууссан төлөвт орсноор лавлагаанд харагдах боломжтой болно. Тухайн үнэлгээ дууссан эсвэл одоо хийгдэж байгаа эсэхийг та Ажилтны үнэлгээний жагсаалтаас харах боломжтой.
43,Ур чадварын үнэлгээ гэж юу вэ?,"УЧҮ нь тухайн ажилтныг тухайн ажлын байрныхаа эсвэл дэвшүүлэх гэж буй ажлын байранд шаардлагатай ур чадварыг хангаж байгаа эсэх, аль ур чадвар дээр дутагдалтай байгаа эсэхийг тодорхойлох зорилготой үнэлгээ юм."
44,УЧҮ яаж үүсгэх вэ?,"Ур чадварын үнэлгээ 2 аргаар үүсгэх боломжтой. Ур чадварын үнэлгээ үүсгэх дэлгэцээр үүсгэхдээ Байгууллагын нэгжийг сонгосноор тухайн байгууллагын нэгжийн ажилтнуудын жагсаалт гарч ирнэ. Тухайн ажилтнуудаас үнэлгээ үүсгэх ажилтнууд болон үнэлгээ хийх ажлын байрнуудыг сонгож үнэлгээ үүсгэх товчийг дарснаар үүсгэх боломжтой. Үүний тулд тухайн үнэлэх ажлын байрны АБТ-д шаардагдах ур чадварууд болон харгалзах ур чадварын түшингүүт орсон байх шаардлагатай. Харин Ур чадварын үнэлгээ үүсгэх - Ажилтнаар дэлгэцээр үүсгэхдээ Байгууллагын нэгж, Ажлын байр сонгох шаардлагатай бөгөөд сонгосон ажлын байрны АБТ-н дагуу үнэлэх үзүүлэлтүүд гарч ирнэ. Хэрэв нэмэх эсвэл засварлах үзүүлэлтүүд байгаа бол засварлаад үүсгэх боломжтой."
45,УЧҮ яаж ажилладаг вэ?,Та эхлээд харгалзах ажилтнуудад УЧҮ-г үүсгэх хэрэгтэй бөгөөд үүсгэсэн ажилтнууд веб порталаар орж өөрийгөө үнэлнэ. Үүний дараа удирдах ажилтан тухайн ажилтнуудыг үнэлэх бөгөөд зөрүүтэй ур чадваруудын хувьд тухайн ажилтанд ХХТ үүсгэх боломжтой.
46,Ур чадварын үнэлгээний лавлагаа байгаа юу?,Та ур чадварын үнэлгээний лавлагаа хэсгээс хэрэгцээтэй лавлагаануудыг олох боломжтой.
47,Надад зөвхөн миний удирдлагад ажилладаг ажилтнуудын үнэлгээг харуулдаг уу?,Үнэлгээний дэлгэцүүд нь зөвхөн үнэлгээнд оролцох ажилтнуудад харагдах бөгөөд та хэрэгцээт лавлагаануудаас өөрийн удирдлаганд байгаа ажилтнуудын үнэлгээний мэдээллийг харах боломжтой. Үүний тулд эхлээд Дэд эрхийн тохиргоо хийх шаардлагатайг анхаарна уу.
48,УЧҮ-г олон хүмүүс үнэлж болох уу?,УЧҮ-г үнэлэгчдийн хувьд эцсийн нэг үнэлэгч байх бөгөөд дундын хэдэн ч үнэлэгч үнэлэх боломжтой. Үүний тулд УЧҮ үүсгэх - Ажилтнаар дэлгэцийн хувьд үүсгэх бөгөөд нэгэнт үүссэн үнэлгээнд дундын үнэлэгч нэмэхдээ УЧҮ засварлах жагсаалтаас харгалзах үнэлгээ рүү орж нэмэх боломжтой.
49,Үнэлгээгээ үүсгэх гэхэд харагдахгүй байна.,Та ямар үнэлгээ хийх гэж байгаа вэ?
50,ГҮ,Гүйцэтгэлийн үнэлгээ үүсгэхийн тулд та 2 аргаар үүсгэх боломжтой.
51,,1. Та Гүйцэтгэлийн үнэлгээний төлөвлөгөө үүсгээд Төлөвлөсөн төлөвт оруулснаар Гүйцэтгэлийн үнэлгээ үүсгэх дэлгэцээр үүсгэх боломжтой.
52,Гүйцэтгэлийн үнэлгээ,"2. Гүйцэтгэлийн үнэлгээ төлөвлөгөөгүй үүсгэх дэлгэц рүү орж Байгууллагын нэгж, Ажлын байр, огноо хэсгүүдийг оруулах хайх дарж, загварыг татан үнэлгээ үүсгэх ажилтнуудыг сонгосноор үүсгэх боломжтой."
53,Үнэлгээний үзүүлэлтийг яаж бүртгэх вэ?,Хүний нөөц=>Үнэлгээ=>Гүйцэтгэлийн үнэлээ=>Бүртгэл хэсгээс бүртгэх боломжтой.
54,ГҮ-г олон хүн үнэлэх боломжтой юу?,ГҮ-нд нэг эцсийн үнэлгээ хийгч байх шаардлагатай бөгөөд дундын хэдэн ч үнэлгээ хийгч байх боломжтой. Дундын үнэлгээ хийгчдийг ГҮ үүсгэх болон ГҮ засварлах дэлгэцүүдээс сонгож тохируулах боломжтой.
55,ГҮ дүнг бөөнөөр нь оруулж болох уу?,Гүйцэтгэлийн үнэлгээний үзүүлэлт нь хэрэв туслах төрөлтэй бол тухайн үзүүлэлтийн утгуудыг экселээс бөөнөөр оруулах боломжтой. Бусад үзүүлэлтийн утгуудыг Ажилтан болон удирдах ажилтнууд веб болон десктоп програмаар оруулах боломжтой.
56,ГҮ бөөнөөр үүсгэх дэлгэц яадаг вэ?,Энэ дэлгэц нь ГҮ-ний төлөвлөгөөнүүдийн дагуу үүсэх боломжтой ажилтнуудын мэдээллийг харуулдаг бөгөөд сонгосон ажилтнуудад ГҮ үүсгэдэг дэлгэц юм.
57,ГҮ оруулахад эцсийн дүн нь буруу харагдаж байна.,Та алдааны мэдээллийг манай support-н багийн имэйл рүү илгээнэ үү.
58,Гүйцэтгэлийн үнэлгээний дүнгийн дагуу урамшуулал яаж бодох вэ?,Гүйцэтгэлийн урамшуулалын жагсаалт дэлгэцээс ажилтнуудын ГҮ-ний эцсийн дүнд хамааруулан үндсэн цалингаас эсвэл тодорхой дүнгээс хувилж ажилтнуудад урамшуулал бодох боломжтой. Бодогдсон урамшуулалыг батлахад тухайн ажилтнуудад сонгосон хөнгөлөлт хангамжийн төрлөөр хөнгөлөлт хангамж үүсдэг бөгөөд хэрэв цалингийн тооцоонд ашиглахаар сонгосон бол цалин бодолтонд автоматаар орж ирэх боломжтой.
59,Урамшуулал бодохдоо ирцийн хувиас хамааруулж болох уу?,"Урамшуулал бодох дэлгэцэд Цагаар хувь тооцох эсэх сонголт байгаа бөгөөд сонголтыг хийсэн үед ажилтан бүрийн ирцийн хувь тооцогдож, тооцогдсон ирцийн хувийн дагуу урамшууллын дүнгээс хувилж эцсийн дүнг гаргадаг."
60,ГҮ нэгдсэн лавлагаа /сараар/ лавлагаа яаж ажилладаг вэ?,"Тухайн лавлагаанд сараар төрөлтэй, үнэлсэн төлөвтэй үнэлгээний ажилтан бүрийн хувьд харагдах бөгөөд сар бүрийн төлөвлөгөө болон, биелүүлсэн багануудад харгалзах утгууд харагдана."
61,ГҮ-ний үзүүлэлтийг мөнгөн дүнгээс бодох боломжтой юу?,"Боломжтой. Жишээ нь Борлуулалтын дүнгээс хамаарч үзүүлэлтийг үнэлдэг бол борлуулалтын төлөвлөгөө нь 5000000 байсан гэе. Тухайн үзүүлэлт нь нийт үнэлгээний 20 хувийг эзэлдэг бол Хувь баганад 20, Зорилтот утга баганад 5000000 гэж оруулах байдлаар үнэлгээг үүсгэнэ. Систем оруулсан дүнгээр пропорцлон үнэлгээг боддог."
62,Лавлагаанууд яаж авах вэ?,Системүүдийн дэд модуль бүр нь Лавлагаа хэсэгтэй бөгөөд тухайн хэсгүүдээс шаардлагатай мэдээллүүдийг авах боломжтой. Үүнээс гадна модулийн ерөнхий лавлагаа хэсэгт компанийн болон группын олон төрлийн лавлагаанууд байгаа.
63,Байгууллагын шилжилт хөдөлгөөнийг хаанаас харах вэ?,Хүний нөөц=>Лавлагаа=>Группийн хэмжээний тайлан=>Шилжилт хөдөлгөөний лавлагаа хэсэгт шилжилт хөдөлгөөнтэй холбоотой лавлагаанууд байгаа.
64,Өнөөдрийн байдлаар ажиллаж буй ажилтнуудын жагсаалтыг хаанаас авах вэ?,Компанид ажил эрхэлж буй ажилтнуудын жагсаалт болон Идэвхтэй ажилтнуудын жагсаалтаас авах боломжтой.
65,Цагийн хуваарь яаж үүсгэх вэ?,Цаг бүртгэл=>Хуваарь=>Цагийн хуваарийн жагсаалт дэлгэц рүү орж бүртгэх боломжтой.
66,Ирэх явах цагийг яаж оруулах вэ?,"Цагийн хуваарийн бүртгэлийн дэлгэцэн дэлгэрэнгүй хэсэгт эхлэх өдөр, дуусах өдөр, эхлэх цаг, дуусах цаг зэргийг оруулах боломжтой. Мөн тухайн мөрийн хувьд Цагийн шалгалтыг оруулах бөгөөд Эхлэх цагийг шалгах болон дуусах цагийг шалгахаас хамаарч оролтын эхлэх, оролтын дуусах, гаралтын эхлэх, гаралтын дуусах минут зэргийг оруулах шаардлагатай."
67,Ажилтнуудад цагийн хуваарь яаж үүсгэх вэ?,Ажилтнуудад 2 аргаар цагийн хуваарь оноож өгөх боломжтой. 1-д ажилтны цагийн хуваарь дэлгэцээр ажилтан бүрт тухайн өдөрт ямар хуваариар ажиллахыг ногдуулж өгдөг. 2-д хэрэв ямар нэг байгууллага нэгжийн ажилтнууд ижил хувиар аар ажилладаг бол тухайн байгууллагын нэгжийн ажилтнууд энэ өдөр энэ хуваариар ажиллана гэж үүсгэж өгөх боломжтой. Ингэснээр тухайн байгууллагын нэгжийн бүх ажилтнууд тухайн өдөр сонгосон хуваарийн дагуу ажиллах боломжтой болно.
68,Шинэ ажилтан ороход цаг бүртгэлд юу юу тохируулах вэ?,Шинээр ажилтан ажилд орсон үед юуны түрүүнд ажилтны төхөөрөмж дэх дугаарын тохиргоог хийнэ. Ингэснээр төхөөрөмжөөс хуруу бүртгүүлсэн мэдээллийг зөв татах боломжтой болно. Үүний дараа Ирц бүртгүүлэх байршлыг тохируулах шаардлагатай. Мөн тухайн ажилтан байгууллагын нэгжийн бусад ажилтнуудаас өөр цагийн хуваариар ажиллах бол ажилтны цагийн хуваарь тохируулж өгөх шаардлагатай.
69,Ээлжийн хуваариар ажилладаг хүмүүсийн хуваарийг яаж тохируулах вэ?,Ээлжийн хуваариар ажилладаг ажилтнуудын цагийн хуваарийн төрлийг Ээлжийн гэж сонгох бөгөөд ингэснээр тухайн ажилтнууд бүх нийтээр амрах өдөр хуваарьтай бол хуваарийн дагуу ажиллах ёстой болно.
70,Ирцийн төрөлд юу тохируулах вэ?,Ирцийн төрөл хэсэгт тодорхой категориудад хамаарах ирцийн хүсэлтийн төрлүүдийг бүртгэж өгнө.
71,Ирцийн хүсэлт яаж үүсгэх вэ?,"Ажилтнууд веб порталаар нэвтэрч ороод тохирох ирцийн төрөл, шалтгаан огноог оруулж бүртгэх боломжтой."
72,Ирцийн мэдээ яаж нэгтгэх вэ?,Ирцийн мэдээ нэгтгэх дэлгэц рүү орж хугацааны интервал болон байгууллагын нэгжийг сонгон Нэгтгэх товчийг дарснаар ирцийн мэдээг нэгтгэнэ. Хэрэв нэг ажилтны мэдээллийг нэгтгэх бол тухайн ажилтныг сонгож болно. Хэрэв тухайн ирц мэдээ нь баталгаажсан бол нэгтгэл хийгдэхгүй.
73,Ирц уншуулдаггүй ажилтнуудыг яах вэ?,"Хэрэв тухайн ажилтан ирц уншуулдаггүй буюу ирцийг бүтнээр тооцдог бол тухайн ажилтнуудын ирцийг автоматаар оруулах боломжтой. Ингэхийн тулд Ирц бөөнөөр оруулах дэлгэц рүү орж Ирэх, явах сонголтыг сонгож хадгалах дарснаар автоматаар хуруугаа уншуулсан байдлаар бүртгэл хадгалагдана."
74,Ирцийн төхөөрөмжгүй газруудын ирцийг яаж оруулдаг вэ?,Хэрэв төхөөрөмжгүй буюу сүлжээний хувьд боломжгүй байгууллага нэгж эсвэл бүлэг ажилтнуудын хувьд Ирц гараар бүртгэх дэлгэцийг ашиглах боломжтой. Ирц гараар бүртгэх бүлэг сонгож өгөх шаардлагатай бөгөөд ирцийг бүртгэх ажилтны томилж өгөх шаардлагатай. Үүний дараа тухайн ирц бүртгэх ажилтан нь веб портал болон десктоп програмаар ажилтнуудын ирцийг гараар бүртгэх боломжтой ба тухайн бүртгэсэн ирц нь ирцийн нэгтгэл хийгдэж баталгаажуулсны дараа цалингийн модульд ашиглах боломжтой болно.
75,Ирц гараар оруулахдаа яаж оруулдаг вэ?,Ирц гараар бүртгэх эрхтэй ажилтан нь веб болон десктоп программаар нэвтэрч орон өөрийн удирдаж буй бүлгийн ажилтнуудын цагийг өдөр өдрөөр оруулах боломжтой. Тухайн сарын буюу 2 интервалын хоорондох бүх цагийг хураангуй байдлаар буюу нийлбэр байдлаар бүртгэлийн дэлгэцийн доор байрлах лавлагаанаас харах боломжтой.
76,Ирцийн хүсэлт батлагдсан боловч тасалсан гэж гарч байна.,Тухайн өдрийн цаг нэгтгэлийг хийгээд баталгаажуулсан үед тухайн өдөр ирцийн хүсэлт батлагдсан эсвэл хурууны мэдээлэл оруулсан хэдий ч тухайн өгөгдлүүд нэгтгэлд орохгүй. Өөрөөр хэлбэр тухайн баталгаажсан нэгтгэлийг дахиж өөрчилдөггүй тул баталгаажилтыг больсны дараа дахин нэгтгэх хэрэгтэй. Ингэснээр цаг нэгтгэлд орж ирэх боломжтой.
77,Цагийн хуваарийг бөөнөөр яаж харах вэ?,"Байгууллагын нэгжийн болон ажилтны цагийн хуваарийг бүртгэлийн дэлгэцээс интервал болон байгууллагын нэгжээр шүүж харах боломжтой бөгөөд Цагийн хуваарь - Календарь, Ажилтны цагийн хуваарь календарь дэлгэцүүдээс календарь хэлбэрээр бөөнөөр харах боломжтой."
78,Ажилтны цагийн хуваарь - Календарь дэлгэцээс шууд цагийн хуваарь үүсгэх боломжтой юу?,Боломжгүй. Та хүсэлтээ манай support-н баг руу имэйлээр илгээнэ үү. Таны хүсэлт манай дараа дараагийн шинэчлэлүүдэд хийгдэх боломжтой.
79,Цалин руу илгээх баталгаажсан цагийг хаанаас авах боломжтой вэ?,Ирцийн нэгдсэн тайланд дурын байдлаар шүүж цаг нэгтгэлийн датаг авах боломжтой бөгөөд тухайн тайланд харагдаж буй баталгаажсан цагуудын дагуу цалин бодогдоно.
80,Илүү цаг авсан ажилтнуудыг яаж харах вэ?,Цаг бүртгэл=>Тайлан=>Лавлагаа цэснээс Илүү цаг авсан ажилтны тайлангаас авах боломжтой бөгөөд тухайн лавлагаанд батлагдсан ирцийн хүсэлтүүд болон авсан илүү цагууд ажилтан бүрийн хувьд харагдах боломжтой.
81,Тухайн ажилтан хуруугаа уншуулаагүй бол яах вэ?,"Хэрэв тухайн ажилтан хуваарьт өдрөө огт хуруу уншуулаагүй бол тухайн өдрийг тасалснаар авна. Харин зөвхөн өглөө уншуулаагүй тохиолдолд хоцорсон, орой уншуулаагүй тохиолдолд эрт тарсан баганууд руу цагийг бүртгэдэг."
82,Илүү цагийн ирцийн хүсэлтийг илүү цагаар биш нөхөж амраах эрх өгч баталж болох уу?,"Тухайн ирцийн хүсэлтийг батлахдаа илүү цагийг бүхэлд нь эсвэл хэсэгчлэн нөхөж амраахаар батлах боломжтой бөгөөд модулийн тохиргооноос илүү цагийг нөхөж амраахаар шууд батлах эсэхийг тохируулбал, ирцийн хүсэлтүүдийг батлах гэхэд бүх цаг нь нөхөж амрах эрхээр шууд батлагдахад бэлэн орж ирдэг."
83,Мобайлаас ирцийн хүсэлт яаж гаргах вэ?,Ажилтнууд өөрийн хэрэглэгчийн эрхээр мобайл програмаас ирцийн хүсэлтээ гаргах боломжтой. Мөн тухайн сарын ирцийн мэдээг харах боломжтой.
84,Цалин бодоход ямар ямар алхмууд хийгддэг вэ?,Системээр цалин бодоход дараах байдлаар боддог. Модулийн тохиргоо хийх=> Цалингийн загвар тохируулах=>Цалингийн хуваарь үүсгэх=>Цалин бодолт хийх=>Цалин өндөрлөлт хийх.
85,Цалингийн модулийн тохиргоо ямар хэрэгтэй вэ?,"Цалингийн модулийн тохиргоонд байгууллагын үндсэн валют, НДШ тооцох дээд хязгаар, ХХОАТ-н хөнгөлөлт зэрэг цалин бодоход хэрэгцээтэй дүнгүүдийг тохируулдаг."
86,Цалингийн хуваарь гэдэг нь юу вэ?,"Цалингийн хуваарь гэдэг нь тухайн байгууллага цалин бодолтоо хэдэн хэднээс тасалбар болгож боддог. Хэднээс хэдний цагийг цалин бодолтонд ашиглах, ямар томъёоны дагуу цалинг бодохыг тохируулдаг тохиргооны дэлгэц юм."
87,Цалингийн загварыг яаж тохируулах вэ?,Цалингийн загварыг тохируулахад цалингийн үзүүлэлтүүдийг ашиглан тухайн үзүүлэлтийг ямар товъёогоор бодохыг тохируулах боломжтой юм. Үзүүлэлт бүрийн хувьд томьёонуудыг өөр өөрөөр үүсгэх боломжтой бөгөөд энэ үзүүлэлтийг энэ үзүүлэлтийн дараа бодох ёстой гэсэн томьёо бодох дарааллыг зааж өгч загварыг тохируулдаг.
88,Томъёог яаж бичих вэ?,Бодолтын томъёог тусгай томъёо зохиох дэлгэцийн дагуу зохиох боломжтой бөгөөд ашиглагдах үзүүлэлтүүдийг томъёонд оролцуулан тухайн үзүүлэлтийн утгаар дүнг тооцоолох боломжтой байна.
89,Дурын үзүүлэлтүүд ашиглах боломжтой юу?,"Системд үндсэн үзүүлэлтүүд байдаг бөгөөд гараас үзүүлэлт нэмж бүртгэх боломжтой. Өөрөөр хэлбэл, цалин бодоход хэрэглэж болох үндсэн үзүүлэлтэд байхгүй өөр хэрэгтэй үзүүлэлтүүдийг өөрөө нэмж тохируулан, тухайн үзүүлэлтэд хамаарах томъёог бичих боломжтой."
90,Нэмэгдэл суутгалуудыг яаж бодох вэ?,Нэмэгдэл суутгалын загвар тохируулан тохируулсан загварын дагуу товъёогоор бодох боломжтой.
,,Нэмэгдэл суутгал бодох нь цалин бодох дэлгэцтэй ижил ажиллагаатай бөгөөд тохируулсан нэмэгдэл суутгалын загварын дагуу бодох боломжтой.
91,Цалингийн бүлэг гэж юу вэ?,Ажилтнуудын цалинг бодохдоо цалин нь ижил товъёогоор бодогддог эсвэл тодорхой бүлэг ажилтнуудыг бүлэглэн бүлгээр боддог бөгөөд тухайн ажилтнуудын цалин бодох бүлгийг Цалингийн бүлэг гэнэ.
92,Ажилтнуудыг цалингийн бүлэгт хэрхэн оруулах вэ?,Ажилтнуудыг цалингийн бүлэгт оруулахын тулд Цалин=>Бүртгэл=>Ажилчдын цалингийн бүлэг тогтоох дэлгэц болон Компанид ажил эрхэлж буй ажилтнуудын жагсаалтаас бүлэгт оруулах ажилтныг сонгон орж харгалзах Цалингийн бүлгийг сонгож хадгална.
93,Амралтын мөнгө бодоход яах вэ?,Ажилтны Ээлжийн амралтын мөнгийг бодохдоо Амралтын мөнгө бодох дэлгэц рүү орж бодох боломжтой бөгөөд тухайн бодогдсон амралтын мөнгө нь цалин бодолтын дэлгэцэд цалин бодоход орж ирдэг.
94,Тэтгэмжийн мөнгө яаж бодох вэ?,Ажилтны тэтгэмжийн мөнгийг бодохдоо Тэтгэмжийн мөнгө бодох дэлгэц рүү орж бодох боломжтой бөгөөд тухайн бодогдсон тэтгэмжийн мөнгө нь цалин бодолтын дэлгэцэд харгалзах үзүүлэлтийн утгад орж ирнэ.
95,Ямар нэг ажилтны цалин цалингийн хуваарь дундуур өөрчлөгдсөн бол яах вэ?,"Хэрэв ямар нэг ажилтны цалин буюу ажил эрхлэлт цалингийн хуваарийн дундуур өөрчлөгдсөн тохиолдолд тухайн ажилтан цалин бодолтын дэлгэцэнд 2 мөр болж харагдах бөгөөд цагийн, болон цалингийн мэдээллүүд харгалзах мөрүүдэд орж ирдэг. Ингэснээр тухайн ажилтны цалинг зөв бодох боломжтой болдог."
96,Цалин өндөрлөлтийн дэлгэц яаж ажилладаг вэ??,Цалин өндөрлөлт нь тухайн бодогдсон цалинг өндөрлөх бөгөөд тухайн өндөрлөсөн цалин нь өөрчлөгдөх боломжгүй болдог. Өндөрлөлтийг цуцалснаар тухайн цалинг дахин бодох боломжтой болно.
97,Цалингийн шилжүүлгийн файл үүсгэх боломжтой юу?,Боломжтой. Бодогдсон цалинг өндөрлөлт хийснээр тухайн цалингийн шилжүүлгийн файлыг үүсгэх боломжтой бөгөөд шилжүүлгийн файлыг үүсгэхдээ хэсэгчлэн буюу ажилтнуудын олгох цалингийн тодорхой хувийг олгох байдлаар үүсгэх боломжтой.
98,Цалингийн ямар ямар тайлангууд гардаг вэ?,"Цалингийн лавлагаа хэсэгт НДШ8, НДШ7, ТТ11-1 зэрэг стандарт тайлангууд бэлэн байгаа бөгөөд үүнээс гадна тохиргоот лавлагаагаар ажилтнуудын цалингийн мэдээллийг хэрэгцээт багануудын нийлбэрүүдийг авч ирэх байдлаар авах боломжтой."
99,Цалингийн мэдээг имэйлээр илгээх боломжтой юу?,Цалингийн мэдээг стандарт форматын дагуу имэйлээр илгээх боломжтой бөгөөд тухайн үүсгэсэн имэйлийн загварын дагуу ажилтнууд цалингийн мэдээллээ веб порталаар харах боломжтой.
100,Цалингийн зардлыг яаж тохируулдаг вэ?,Цалингийн тохиргоот лавлагаагаар цалингийн дурын үзүүлэлтийг дурын байдлаар шүүлт хийж зардлыг хуваарилах боломжтой бөгөөд үүний тулд тохиргоог дансны тохиргоонд хийнэ.